<?xml version="1.0" encoding="UTF-8" standalone="yes"?>
<processModelFolderHaul xmlns:a="http://www.appian.com/ae/types/2009">
    <processModelFolder>
        <name>NAV_TM Task Metric Utilities</name>
        <uuid>_g-0000db61-5af3-8000-4595-010000010000_181</uuid>
        <description>Process Models used as part of the Task Metric Utilities</description>
        <parentFolderUuid>_g-0000da79-e30a-8000-4595-010000010000_132</parentFolderUuid>
    </processModelFolder>
    <roleMap>
        <role name="EDITOR">
            <users/>
            <groups/>
        </role>
        <role name="MANAGER">
            <users/>
            <groups/>
        </role>
        <role name="ADMIN_OWNER">
            <users>
                <userUuid>corbinp</userUuid>
            </users>
            <groups/>
        </role>
        <role name="EXPLICIT_NONMEMBER">
            <users/>
            <groups/>
        </role>
        <role name="VIEWER">
            <users/>
            <groups/>
        </role>
        <role name="INITIATOR">
            <users/>
            <groups/>
        </role>
    </roleMap>
</processModelFolderHaul>
