<?xml version="1.0" encoding="UTF-8" standalone="yes"?>
<applicationHaul xmlns:a="http://www.appian.com/ae/types/2009">
    <application>
        <name>NAV_TM Task Metric Utilities</name>
        <uuid>_a-0000db61-5af0-8000-4594-010000010000_30729</uuid>
        <description></description>
        <parentUuid>SYSTEM_APPLICATIONS_ROOT</parentUuid>
        <visibility>
            <advertise>false</advertise>
            <hierarchy>true</hierarchy>
            <indexable>true</indexable>
            <quota>false</quota>
            <searchable>true</searchable>
            <system>false</system>
            <unlogged>false</unlogged>
        </visibility>
        <urlIdentifier>cp_test</urlIdentifier>
        <published>false</published>
        <public>false</public>
        <associatedObjects>
            <globalIdMap>
                <item>
                    <type>datatype</type>
                    <uuids>
                        <uuid>{urn:navlabs:application:tm}NAV_TM_TaskMetric</uuid>
                    </uuids>
                </item>
                <item>
                    <type>dataStore</type>
                    <uuids>
                        <uuid>_a-0000db61-5af0-8000-4594-010000010000_30732</uuid>
                    </uuids>
                </item>
                <item>
                    <type>user</type>
                    <uuids/>
                </item>
                <item>
                    <type>groupType</type>
                    <uuids/>
                </item>
                <item>
                    <type>group</type>
                    <uuids>
                        <uuid>_e-0000db61-5ae6-8000-4593-010000010000_242</uuid>
                        <uuid>_e-0000db61-5ae6-8000-4593-010000010000_243</uuid>
                        <uuid>_e-0000db61-5ae6-8000-4593-010000010000_246</uuid>
                    </uuids>
                </item>
                <item>
                    <type>content</type>
                    <uuids>
                        <uuid>_a-0000db61-5af0-8000-4594-010000010000_30723</uuid>
                        <uuid>_a-0000db61-5af0-8000-4594-010000010000_30722</uuid>
                        <uuid>_a-0000db61-5af0-8000-4594-010000010000_30711</uuid>
                        <uuid>_a-0000db61-5af0-8000-4594-010000010000_30710</uuid>
                        <uuid>412c0f91-321a-4da7-b17d-f24af91ddeb9</uuid>
                        <uuid>_a-0000db61-5af0-8000-4594-010000010000_30797</uuid>
                        <uuid>_a-0000db61-5af0-8000-4594-010000010000_30739</uuid>
                        <uuid>_a-0000db61-5af0-8000-4594-010000010000_30749</uuid>
                        <uuid>ab2bb6c9-6737-4bd7-81de-388965042ef3</uuid>
                        <uuid>_a-0000db61-5af0-8000-4594-010000010000_30745</uuid>
                        <uuid>_a-0000db61-5af0-8000-4594-010000010000_30740</uuid>
                        <uuid>b61c6b7a-b8f4-418c-a741-eb0343739175</uuid>
                        <uuid>_a-0000db61-5af0-8000-4594-010000010000_30868</uuid>
                        <uuid>_a-0000db61-5af0-8000-4594-010000010000_30935</uuid>
                        <uuid>_a-0000db61-5af0-8000-4594-010000010000_30919</uuid>
                        <uuid>c7c69b90-4196-4dd6-8cc2-a490bba1672e</uuid>
                        <uuid>16e346f1-9392-42ff-8449-f279c13abd79</uuid>
                        <uuid>_a-0000db61-5af0-8000-4594-010000010000_31103</uuid>
                        <uuid>_a-0000db61-5af0-8000-4594-010000010000_31104</uuid>
                        <uuid>0c91cb01-7278-4a58-a965-ccfaf368ae4f</uuid>
                        <uuid>8eac7b7d-5528-473f-8893-e3bf4614166a</uuid>
                        <uuid>d54f9a58-6a36-4078-ac20-0aeddf387b7c</uuid>
                        <uuid>_a-0000db61-5af0-8000-4594-010000010000_31263</uuid>
                        <uuid>_a-0000db61-5af0-8000-4594-010000010000_31271</uuid>
                        <uuid>_a-0000db61-5af0-8000-4594-010000010000_31262</uuid>
                        <uuid>a435288b-6ecf-4f26-9780-4a1ca126d1fe</uuid>
                        <uuid>a6abe94b-f354-424a-902c-e4db757bb4dc</uuid>
                        <uuid>7b103f18-7fa6-424f-90be-bcff147bfd80</uuid>
                        <uuid>_a-0000db61-5af0-8000-4594-010000010000_30963</uuid>
                        <uuid>1aa5e0ea-3a9e-4b61-a6f5-929280622522</uuid>
                        <uuid>_a-0000db61-5af0-8000-4594-010000010000_30757</uuid>
                        <uuid>_a-0000db61-5af0-8000-4594-010000010000_30735</uuid>
                        <uuid>_a-0000db61-5af0-8000-4594-010000010000_30755</uuid>
                        <uuid>_a-0000db72-8af2-8000-4594-010000010000_32111</uuid>
                        <uuid>_a-0000db61-5af0-8000-4594-010000010000_30709</uuid>
                        <uuid>_a-0000db6c-eae6-8000-927a-010000010000_48225</uuid>
                        <uuid>_a-0000db6c-eae6-8000-927a-010000010000_48230</uuid>
                        <uuid>_a-0000db6c-eae6-8000-927a-010000010000_48231</uuid>
                        <uuid>_a-0000db6c-eae6-8000-927a-010000010000_48232</uuid>
                        <uuid>_a-0000db6c-eae6-8000-927a-010000010000_48243</uuid>
                        <uuid>af047e86-62f8-4754-b7be-c1fda0b153c5</uuid>
                        <uuid>6ceb2845-2a5a-486d-9e9b-7b448c1989c5</uuid>
                    </uuids>
                </item>
                <item>
                    <type>forum</type>
                    <uuids/>
                </item>
                <item>
                    <type>processModelFolder</type>
                    <uuids>
                        <uuid>_g-0000db6c-eaeb-8000-927a-010000010000_41</uuid>
                    </uuids>
                </item>
                <item>
                    <type>processModel</type>
                    <uuids>
                        <uuid>0003db64-9976-8000-4595-010000010000</uuid>
                    </uuids>
                </item>
                <item>
                    <type>portlet</type>
                    <uuids/>
                </item>
                <item>
                    <type>page</type>
                    <uuids/>
                </item>
                <item>
                    <type>application</type>
                    <uuids/>
                </item>
                <item>
                    <type>tempoFeed</type>
                    <uuids/>
                </item>
                <item>
                    <type>recordType</type>
                    <uuids/>
                </item>
                <item>
                    <type>tempoReport</type>
                    <uuids>
                        <uuid>4160b67a-2d15-4d5b-96f1-d04c657cd8b1</uuid>
                    </uuids>
                </item>
                <item>
                    <type>taskReport</type>
                    <uuids/>
                </item>
                <item>
                    <type>webApi</type>
                    <uuids/>
                </item>
                <item>
                    <type>site</type>
                    <uuids/>
                </item>
            </globalIdMap>
        </associatedObjects>
        <applicationNavigation/>
        <applicationActions/>
        <associatedApplications>
            <globalIdMap>
                <item>
                    <type>datatype</type>
                    <uuids/>
                </item>
                <item>
                    <type>dataStore</type>
                    <uuids/>
                </item>
                <item>
                    <type>user</type>
                    <uuids/>
                </item>
                <item>
                    <type>groupType</type>
                    <uuids/>
                </item>
                <item>
                    <type>group</type>
                    <uuids/>
                </item>
                <item>
                    <type>content</type>
                    <uuids/>
                </item>
                <item>
                    <type>forum</type>
                    <uuids/>
                </item>
                <item>
                    <type>processModelFolder</type>
                    <uuids/>
                </item>
                <item>
                    <type>processModel</type>
                    <uuids/>
                </item>
                <item>
                    <type>portlet</type>
                    <uuids/>
                </item>
                <item>
                    <type>page</type>
                    <uuids/>
                </item>
                <item>
                    <type>application</type>
                    <uuids/>
                </item>
                <item>
                    <type>tempoFeed</type>
                    <uuids/>
                </item>
                <item>
                    <type>recordType</type>
                    <uuids/>
                </item>
                <item>
                    <type>tempoReport</type>
                    <uuids/>
                </item>
                <item>
                    <type>taskReport</type>
                    <uuids/>
                </item>
                <item>
                    <type>webApi</type>
                    <uuids/>
                </item>
                <item>
                    <type>site</type>
                    <uuids/>
                </item>
            </globalIdMap>
        </associatedApplications>
    </application>
    <roleMap>
        <contentRoleMap public="true">
            <role allowForAll="false" inherit="false" name="readers">
                <users/>
                <groups/>
            </role>
            <role allowForAll="false" inherit="false" name="authors">
                <users/>
                <groups/>
            </role>
            <role allowForAll="false" inherit="false" name="administrators">
                <users>
                    <userUuid>ven_cpage</userUuid>
                </users>
                <groups/>
            </role>
            <role allowForAll="false" inherit="false" name="denyReaders">
                <users/>
                <groups/>
            </role>
            <role allowForAll="false" inherit="false" name="denyAuthors">
                <users/>
                <groups/>
            </role>
            <role allowForAll="false" inherit="false" name="denyAdministrators">
                <users/>
                <groups/>
            </role>
        </contentRoleMap>
    </roleMap>
</applicationHaul>
