<?xml version="1.0" encoding="UTF-8" standalone="yes"?>
<tempoFeedHaul xmlns:a="http://www.appian.com/ae/types/2009">
    <tempoFeed>
        <uuid>1c8c1ae0-61a4-4be9-b7e0-0b1915e6e435</uuid>
        <name>NAV_TM Feed</name>
        <description>Feed for the NAV_TM Task Metric Utilities app.</description>
        <showInCatalog>true</showInCatalog>
        <systemFeed>false</systemFeed>
    </tempoFeed>
    <roleMap>
        <role name="administrator">
            <users>
                <userUuid>ven_cpage</userUuid>
            </users>
            <groups/>
        </role>
    </roleMap>
</tempoFeedHaul>
