<?xml version="1.0" encoding="UTF-8" standalone="yes"?>
<contentHaul xmlns:a="http://www.appian.com/ae/types/2009">
    <rule>
        <name>NAV_TM_returnBasicTaskMetricsByAll</name>
        <uuid>6ceb2845-2a5a-486d-9e9b-7b448c1989c5</uuid>
        <description>Returns the id, taskId, and createdAt fields for all NAV_TM_TaskMetric records.</description>
        <parentUuid>_a-0000db6c-eae6-8000-927a-010000010000_48230</parentUuid>
        <visibility>
            <advertise>false</advertise>
            <hierarchy>true</hierarchy>
            <indexable>true</indexable>
            <quota>false</quota>
            <searchable>true</searchable>
            <system>false</system>
            <unlogged>false</unlogged>
        </visibility>
        <definition>#&quot;SYSTEM_SYSRULES_queryEntity&quot;(
  entity: #&quot;_a-0000db61-5af0-8000-4594-010000010000_30797&quot;,
  query: #&quot;SYSTEM_SYSRULES_query&quot;(
    selection: #&quot;SYSTEM_SYSRULES_querySelection&quot;(columns: {
      #&quot;SYSTEM_SYSRULES_queryColumn&quot;(field: &quot;id&quot;),
      #&quot;SYSTEM_SYSRULES_queryColumn&quot;(field: &quot;taskId&quot;),
      #&quot;SYSTEM_SYSRULES_queryColumn&quot;(field: &quot;createdAt&quot;)
    }),
    pagingInfo: #&quot;SYSTEM_SYSRULES_pagingInfo&quot;(
      startIndex: 1,
      batchSize: -1,
      sort: #&quot;SYSTEM_SYSRULES_sortInfo&quot;(
        field: &quot;id&quot;,
        ascending: false
      )
    )
  )
).data</definition>
        <preferredEditor>interface</preferredEditor>
        <offlineEnabled>false</offlineEnabled>
    </rule>
    <roleMap public="true">
        <role allowForAll="false" inherit="true" name="readers">
            <users/>
            <groups/>
        </role>
        <role allowForAll="false" inherit="true" name="authors">
            <users/>
            <groups/>
        </role>
        <role allowForAll="false" inherit="true" name="administrators">
            <users>
                <userUuid>ven_cpage</userUuid>
            </users>
            <groups/>
        </role>
        <role allowForAll="false" inherit="false" name="denyReaders">
            <users/>
            <groups/>
        </role>
        <role allowForAll="false" inherit="false" name="denyAuthors">
            <users/>
            <groups/>
        </role>
        <role allowForAll="false" inherit="false" name="denyAdministrators">
            <users/>
            <groups/>
        </role>
    </roleMap>
</contentHaul>
