<?xml version="1.0" encoding="UTF-8" standalone="yes"?>
<contentHaul xmlns:a="http://www.appian.com/ae/types/2009">
    <rule>
        <name>NAV_TM_generalTaskMetricsGridSection</name>
        <uuid>7b103f18-7fa6-424f-90be-bcff147bfd80</uuid>
        <description>A section containing a grid with general information on Task Metrics.</description>
        <parentUuid>_a-0000db61-5af0-8000-4594-010000010000_30739</parentUuid>
        <visibility>
            <advertise>false</advertise>
            <hierarchy>true</hierarchy>
            <indexable>true</indexable>
            <quota>false</quota>
            <searchable>true</searchable>
            <system>false</system>
            <unlogged>false</unlogged>
        </visibility>
        <definition>load(
  local!durationDaysFilter,
  local!ownersFilter,
  local!pagingInfo: #&quot;SYSTEM_SYSRULES_pagingInfo&quot;(
    startIndex: 1,
    batchSize: 10,
    sort: #&quot;SYSTEM_SYSRULES_sortInfo&quot;(
      field: &quot;id&quot;,
      ascending: true
    )
  ),
  with(
    local!datasubset: #&quot;SYSTEM_SYSRULES_queryEntity&quot;(
      entity: #&quot;_a-0000db61-5af0-8000-4594-010000010000_30797&quot;,
      query: #&quot;SYSTEM_SYSRULES_query&quot;(
        selection: #&quot;SYSTEM_SYSRULES_querySelection&quot;(columns: {
          #&quot;SYSTEM_SYSRULES_queryColumn&quot;(field: &quot;id&quot;),
          #&quot;SYSTEM_SYSRULES_queryColumn&quot;(field: &quot;taskId&quot;),
          #&quot;SYSTEM_SYSRULES_queryColumn&quot;(field: &quot;taskDisplayName&quot;),
          #&quot;SYSTEM_SYSRULES_queryColumn&quot;(field: &quot;taskOwner&quot;),
          #&quot;SYSTEM_SYSRULES_queryColumn&quot;(field: &quot;taskAssignees&quot;),
          #&quot;SYSTEM_SYSRULES_queryColumn&quot;(field: &quot;taskStartTime&quot;),
          #&quot;SYSTEM_SYSRULES_queryColumn&quot;(field: &quot;taskStatusName&quot;),
          #&quot;SYSTEM_SYSRULES_queryColumn&quot;(field: &quot;taskCompletionTime&quot;),
          #&quot;SYSTEM_SYSRULES_queryColumn&quot;(field: &quot;completionDuration&quot;)
          /*a!queryColumn(field: &quot;lastUpdatedAt&quot;),*/
          /*a!queryColumn(field: &quot;createdAt&quot;)          */
        }),
        logicalExpression: ri!reportLogicalExpression,
        pagingInfo: local!pagingInfo
      )
    ),
    {
      #&quot;SYSTEM_SYSRULES_sectionLayout&quot;(
        label: &quot;Report Tasks&quot;,
        firstColumnContents: {
          #&quot;SYSTEM_SYSRULES_gridField&quot;(
            totalCount: local!datasubset.totalCount,
            columns: {
              #&quot;SYSTEM_SYSRULES_gridTextColumn&quot;(
                label: &quot;id&quot;,
                field: &quot;id&quot;,
                data: index(local!datasubset.data, &quot;id&quot;, null)
              ),
              #&quot;SYSTEM_SYSRULES_gridTextColumn&quot;(
                label: &quot;taskId&quot;,
                field: &quot;taskId&quot;,
                data: index(local!datasubset.data, &quot;taskId&quot;, null)
              ),
              #&quot;SYSTEM_SYSRULES_gridTextColumn&quot;(
                label: &quot;Task Display Name&quot;,
                field: &quot;taskDisplayName&quot;,
                data: index(local!datasubset.data, &quot;taskDisplayName&quot;, null)
              ),
              #&quot;SYSTEM_SYSRULES_gridTextColumn&quot;(
                label: &quot;Completed By&quot;,
                field: &quot;taskOwner&quot;,
                data: apply(#&quot;0c91cb01-7278-4a58-a965-ccfaf368ae4f&quot;,
                        index(
                          local!datasubset.data,
                          &quot;taskOwner&quot;,
                          {}
                        )
                      )
              ),
              #&quot;SYSTEM_SYSRULES_gridTextColumn&quot;(
                label: &quot;Original Assignee(s)&quot;,
                field: &quot;taskAssignees&quot;,
                data: apply(#&quot;0c91cb01-7278-4a58-a965-ccfaf368ae4f&quot;,
                        index(
                          local!datasubset.data,
                          &quot;taskAssignees&quot;,
                          {}
                        )
                      )
              ),
              #&quot;SYSTEM_SYSRULES_gridTextColumn&quot;(
                label: &quot;Start Time&quot;,
                field: &quot;taskStartTime&quot;,
                data: index(local!datasubset.data, &quot;taskStartTime&quot;, null)
              ),
              #&quot;SYSTEM_SYSRULES_gridTextColumn&quot;(
                label: &quot;Completed At&quot;,
                field: &quot;taskCompletionTime&quot;,
                data: index(local!datasubset.data, &quot;taskCompletionTime&quot;, null)
              ),
              #&quot;SYSTEM_SYSRULES_gridTextColumn&quot;(
                label: &quot;Duration&quot;,
                field: &quot;completionDuration&quot;,
                data: index(local!datasubset.data, &quot;completionDuration&quot;, null)
              ),
              /*a!gridTextColumn(*/
              /*  label: &quot;lastUpdatedAt&quot;,*/
              /*  field: &quot;lastUpdatedAt&quot;,*/
              /*  data: index(local!datasubset.data, &quot;lastUpdatedAt&quot;, null)*/
              /*),*/
              /*a!gridTextColumn(*/
              /*  label: &quot;createdAt&quot;,*/
              /*  field: &quot;createdAt&quot;,*/
              /*  data: index(local!datasubset.data, &quot;createdAt&quot;, null)*/
              /*)*/
            },
            value: local!pagingInfo,
            saveInto: local!pagingInfo
          )
        },
        secondColumnContents: {}
      )
    }
  )
)
</definition>
        <namedTypedValue>
            <name>reportLogicalExpression</name>
            <type>
                <name>Variant</name>
                <namespace>http://www.appian.com/ae/types/2009</namespace>
            </type>
        </namedTypedValue>
        <preferredEditor>interface</preferredEditor>
    </rule>
    <roleMap public="true">
        <role allowForAll="false" inherit="true" name="readers">
            <users/>
            <groups/>
        </role>
        <role allowForAll="false" inherit="true" name="authors">
            <users/>
            <groups/>
        </role>
        <role allowForAll="false" inherit="true" name="administrators">
            <users>
                <userUuid>corbinp</userUuid>
            </users>
            <groups/>
        </role>
        <role allowForAll="false" inherit="false" name="denyReaders">
            <users/>
            <groups/>
        </role>
        <role allowForAll="false" inherit="false" name="denyAuthors">
            <users/>
            <groups/>
        </role>
        <role allowForAll="false" inherit="false" name="denyAdministrators">
            <users/>
            <groups/>
        </role>
    </roleMap>
</contentHaul>
