<?xml version="1.0" encoding="UTF-8" standalone="yes"?>
<contentHaul xmlns:a="http://www.appian.com/ae/types/2009">
    <rule>
        <name>NAV_TM_returnTaskMetricIdIfPresent</name>
        <uuid>_a-0000db61-5af0-8000-4594-010000010000_30735</uuid>
        <description>Returns the ri!storedTaskMetrics.id if the matching taskId is in currentTaskMetrics. Returns null otherwise.</description>
        <parentUuid>_a-0000db6c-eae6-8000-927a-010000010000_48230</parentUuid>
        <visibility>
            <advertise>false</advertise>
            <hierarchy>true</hierarchy>
            <indexable>true</indexable>
            <quota>false</quota>
            <searchable>true</searchable>
            <system>false</system>
            <unlogged>false</unlogged>
        </visibility>
        <definition>=if(or(#&quot;_a-0000d62a-67b3-8000-da6f-010000010000_950&quot;(ri!currentTaskMetrics),#&quot;_a-0000d62a-67b3-8000-da6f-010000010000_950&quot;(ri!storedTaskMetrics)),
-1,

if(length(wherecontains(ri!currentTaskMetrics.taskId,{ri!storedTaskMetrics.taskId}))&gt;0,
index(ri!storedTaskMetrics.id,wherecontains(ri!currentTaskMetrics.taskId,ri!storedTaskMetrics.taskId),-1),
-1)

)</definition>
        <namedTypedValue>
            <name>currentTaskMetrics</name>
            <type>
                <name>Variant</name>
                <namespace>http://www.appian.com/ae/types/2009</namespace>
            </type>
        </namedTypedValue>
        <namedTypedValue>
            <name>storedTaskMetrics</name>
            <type>
                <name>Variant</name>
                <namespace>http://www.appian.com/ae/types/2009</namespace>
            </type>
        </namedTypedValue>
        <preferredEditor>legacy</preferredEditor>
        <offlineEnabled>false</offlineEnabled>
    </rule>
    <roleMap public="true">
        <role allowForAll="false" inherit="true" name="readers">
            <users/>
            <groups/>
        </role>
        <role allowForAll="false" inherit="true" name="authors">
            <users/>
            <groups/>
        </role>
        <role allowForAll="false" inherit="true" name="administrators">
            <users/>
            <groups/>
        </role>
        <role allowForAll="false" inherit="false" name="denyReaders">
            <users/>
            <groups/>
        </role>
        <role allowForAll="false" inherit="false" name="denyAuthors">
            <users/>
            <groups/>
        </role>
        <role allowForAll="false" inherit="false" name="denyAdministrators">
            <users/>
            <groups/>
        </role>
    </roleMap>
</contentHaul>
