<?xml version="1.0" encoding="UTF-8" standalone="yes"?>
<contentHaul xmlns:a="http://www.appian.com/ae/types/2009">
    <rule>
        <name>NAV_TM_taskCompletionDurationPieChart</name>
        <uuid>b61c6b7a-b8f4-418c-a741-eb0343739175</uuid>
        <description>Pie chart showing the percentage of tasks completed within certain periods of time</description>
        <parentUuid>_a-0000db61-5af0-8000-4594-010000010000_30739</parentUuid>
        <visibility>
            <advertise>false</advertise>
            <hierarchy>true</hierarchy>
            <indexable>true</indexable>
            <quota>false</quota>
            <searchable>true</searchable>
            <system>false</system>
            <unlogged>false</unlogged>
        </visibility>
        <definition>load(&#xD;
  local!chartLabel: &quot;Task Completion time:&quot;,&#xD;
  local!chartInstructions: &quot;Percentage of Tasks completed within different time intervals. All intervals are mutually exclusive and clicking a slice provides more details.&quot;,&#xD;
  local!showGrid: toboolean(false),&#xD;
  local!tempDatasubset,&#xD;
  local!pagingInfo: #&quot;SYSTEM_SYSRULES_pagingInfo&quot;(&#xD;
    startIndex: 1,&#xD;
    batchSize: 0,&#xD;
    sort: #&quot;SYSTEM_SYSRULES_sortInfo&quot;(&#xD;
      field: &quot;completionDurationMinutes&quot;,&#xD;
      ascending: true&#xD;
    )&#xD;
  ),&#xD;
  local!gridPagingInfo: #&quot;SYSTEM_SYSRULES_pagingInfo&quot;(&#xD;
    startIndex: 1,&#xD;
    batchSize: 10,&#xD;
    sort: #&quot;SYSTEM_SYSRULES_sortInfo&quot;(&#xD;
      field: &quot;taskStartTime&quot;,&#xD;
      ascending: false&#xD;
    )&#xD;
  ),&#xD;
  with(&#xD;
    /* -------------------------------------------------------------------------- */&#xD;
    /* 5 total intervals are used by default, but they can be altered in any way. */&#xD;
    /*      -Less than 1 day                                                      */&#xD;
    /*      -Less than 3 days                                                     */&#xD;
    /*      -Less than 1 week                                                     */&#xD;
    /*      -Less than 1 month                                                    */&#xD;
    /*      -Longer than a month                                                  */&#xD;
    /* -------------------------------------------------------------------------- */&#xD;
    local!datasubset_1: #&quot;_a-0000db61-5af0-8000-4594-010000010000_30963&quot;(&#xD;
      minBound: 0,            /* Absolute lower bound */&#xD;
      maxBound: 60 * 24,      /* Minutes in a day */&#xD;
      logicalExpression: ri!reportLogicalExpression,&#xD;
      pagingInfo: local!pagingInfo&#xD;
    ),&#xD;
    local!datasubset_2: #&quot;_a-0000db61-5af0-8000-4594-010000010000_30963&quot;(&#xD;
      minBound: 60 * 24,      /* Minutes in a day */&#xD;
      maxBound: 60 * 24 * 3,  /* Minutes in 3 days */&#xD;
      logicalExpression: ri!reportLogicalExpression,&#xD;
      pagingInfo: local!pagingInfo&#xD;
    ),&#xD;
    local!datasubset_3: #&quot;_a-0000db61-5af0-8000-4594-010000010000_30963&quot;(&#xD;
      minBound: 60 * 24 * 3,  /* Minutes in 3 days */&#xD;
      maxBound: 60 * 24 * 7,  /* Minutes in a week */&#xD;
      logicalExpression: ri!reportLogicalExpression,&#xD;
      pagingInfo: local!pagingInfo&#xD;
    ),&#xD;
    local!datasubset_4: #&quot;_a-0000db61-5af0-8000-4594-010000010000_30963&quot;(&#xD;
      minBound: 60 * 24 * 7,  /* Minutes in a week */&#xD;
      maxBound: 60 * 24 * 30, /* Approx. minutes in a month */&#xD;
      reportLogicalExpression: ri!reportLogicalExpression,&#xD;
      pagingInfo: local!pagingInfo&#xD;
    ),&#xD;
    local!datasubset_5: #&quot;_a-0000db61-5af0-8000-4594-010000010000_30963&quot;(&#xD;
      minBound: 60 * 24 * 30, /* Approx. minutes in a month */&#xD;
      maxBound: 999999999999, /* Absolute upper bound */&#xD;
      repoertLogicalExpression: ri!reportLogicalExpression,&#xD;
      pagingInfo: local!pagingInfo&#xD;
    ),&#xD;
    {&#xD;
      if(not(local!showGrid),&#xD;
        {&#xD;
          #&quot;SYSTEM_SYSRULES_pieChartField&quot;(&#xD;
            label: local!chartLabel,&#xD;
            labelPosition: &quot;ABOVE&quot;,&#xD;
            instructions: local!chartInstructions,&#xD;
            series: {&#xD;
              #&quot;SYSTEM_SYSRULES_chartSeries&quot;(&#xD;
                label: &quot;&lt;1 day&quot;,&#xD;
                data: datasubset_1.totalCount,&#xD;
                links: #&quot;SYSTEM_SYSRULES_dynamicLink&quot;(&#xD;
                        value: true,&#xD;
                        saveInto: {&#xD;
                          local!showGrid,&#xD;
                          a!save(local!tempDatasubset,&#xD;
                            #&quot;_a-0000db61-5af0-8000-4594-010000010000_30963&quot;(&#xD;
                              minBound: 0,            /* Absolute lower bound */&#xD;
                              maxBound: 60 * 24,      /* Minutes in a day */&#xD;
                              pagingInfo: local!gridPagingInfo,      &#xD;
                              logicalExpression: ri!reportLogicalExpression&#xD;
                            )&#xD;
                          )&#xD;
                        }&#xD;
                      ),&#xD;
                color: &quot;GREEN&quot;&#xD;
              ),&#xD;
              #&quot;SYSTEM_SYSRULES_chartSeries&quot;(&#xD;
                label: &quot;&lt;3 days&quot;,&#xD;
                data: datasubset_2.totalCount,&#xD;
                links: #&quot;SYSTEM_SYSRULES_dynamicLink&quot;(&#xD;
                        value: true,&#xD;
                        saveInto: {&#xD;
                          local!showGrid,&#xD;
                          a!save(local!tempDatasubset,&#xD;
                            #&quot;_a-0000db61-5af0-8000-4594-010000010000_30963&quot;(&#xD;
                              minBound: 60 * 24,      /* Minutes in a day */&#xD;
                              maxBound: 60 * 24 * 3,  /* Minutes in 3 days */&#xD;
                              pagingInfo: local!gridPagingInfo,  &#xD;
                              logicalExpression: ri!reportLogicalExpression&#xD;
                            )&#xD;
                          )&#xD;
                        }&#xD;
                      ), &#xD;
                color: &quot;YELLOW&quot;&#xD;
              ),&#xD;
              #&quot;SYSTEM_SYSRULES_chartSeries&quot;(&#xD;
                label: &quot;&lt;1 week&quot;,&#xD;
                data: datasubset_3.totalCount,&#xD;
                links: #&quot;SYSTEM_SYSRULES_dynamicLink&quot;(&#xD;
                        value: true,&#xD;
                        saveInto: {&#xD;
                          local!showGrid,&#xD;
                          a!save(local!tempDatasubset,&#xD;
                            #&quot;_a-0000db61-5af0-8000-4594-010000010000_30963&quot;(&#xD;
                              minBound: 60 * 24 * 3,  /* Minutes in 3 days */&#xD;
                              maxBound: 60 * 24 * 7,  /* Minutes in a week */&#xD;
                              pagingInfo: local!gridPagingInfo,  &#xD;
                              logicalExpression: ri!reportLogicalExpression&#xD;
                            )&#xD;
                          )&#xD;
                        }&#xD;
                      ), &#xD;
                color: &quot;BLUEGRAY&quot;&#xD;
              ),&#xD;
              #&quot;SYSTEM_SYSRULES_chartSeries&quot;(&#xD;
                label: &quot;&lt;1 month&quot;,&#xD;
                data: datasubset_4.totalCount,&#xD;
                links: #&quot;SYSTEM_SYSRULES_dynamicLink&quot;(&#xD;
                        value: true,&#xD;
                        saveInto: {&#xD;
                          local!showGrid,&#xD;
                          a!save(local!tempDatasubset,&#xD;
                            #&quot;_a-0000db61-5af0-8000-4594-010000010000_30963&quot;(&#xD;
                              minBound: 60 * 24 * 7,  /* Minutes in a week */&#xD;
                              maxBound: 60 * 24 * 30, /* Approx. minutes in a month */&#xD;
                              pagingInfo: local!gridPagingInfo, &#xD;
                              logicalExpression: ri!reportLogicalExpression&#xD;
                            )&#xD;
                          )&#xD;
                        }&#xD;
                      ),&#xD;
                color: &quot;PURPLE&quot;&#xD;
              ),&#xD;
              #&quot;SYSTEM_SYSRULES_chartSeries&quot;(&#xD;
                label: &quot;&gt;1 month&quot;,&#xD;
                data: datasubset_5.totalCount,&#xD;
                links: #&quot;SYSTEM_SYSRULES_dynamicLink&quot;(&#xD;
                        value: true,&#xD;
                        saveInto: {&#xD;
                          local!showGrid,&#xD;
                          a!save(local!tempDatasubset,&#xD;
                            #&quot;_a-0000db61-5af0-8000-4594-010000010000_30963&quot;(&#xD;
                              minBound: 60 * 24 * 30, /* Approx. minutes in a month */&#xD;
                              maxBound: 999999999999, /* Absolute upper bound */&#xD;
                              pagingInfo: local!gridPagingInfo, &#xD;
                              logicalExpression: ri!reportLogicalExpression&#xD;
                            )&#xD;
                          )&#xD;
                        }&#xD;
                      ),&#xD;
                color: &quot;VIOLETRED&quot;&#xD;
              )&#xD;
            },&#xD;
            showDataLabels: true,&#xD;
            showTooltips: true&#xD;
          ),&#xD;
        },&#xD;
        #&quot;1aa5e0ea-3a9e-4b61-a6f5-929280622522&quot;(          &#xD;
          taskMetricDatasubset: local!tempDatasubset,&#xD;
          pagingInfo: local!gridPagingInfo,&#xD;
          showGrid: local!showGrid,&#xD;
          chartLabel: local!chartLabel,&#xD;
          chartInstructions: local!chartInstructions&#xD;
        ) &#xD;
      )&#xD;
    }&#xD;
  )&#xD;
)</definition>
        <namedTypedValue>
            <name>reportLogicalExpression</name>
            <type>
                <name>Variant</name>
                <namespace>http://www.appian.com/ae/types/2009</namespace>
            </type>
        </namedTypedValue>
        <preferredEditor>interface</preferredEditor>
        <offlineEnabled>false</offlineEnabled>
    </rule>
    <roleMap public="true">
        <role allowForAll="false" inherit="true" name="readers">
            <users/>
            <groups/>
        </role>
        <role allowForAll="false" inherit="true" name="authors">
            <users/>
            <groups/>
        </role>
        <role allowForAll="false" inherit="true" name="administrators">
            <users/>
            <groups/>
        </role>
        <role allowForAll="false" inherit="false" name="denyReaders">
            <users/>
            <groups/>
        </role>
        <role allowForAll="false" inherit="false" name="denyAuthors">
            <users/>
            <groups/>
        </role>
        <role allowForAll="false" inherit="false" name="denyAdministrators">
            <users/>
            <groups/>
        </role>
    </roleMap>
</contentHaul>
