<?xml version="1.0" encoding="UTF-8" standalone="yes"?>
<contentHaul xmlns:a="http://www.appian.com/ae/types/2009">
    <queryRule>
        <name>NAV_TM_getTaskMetricsByTaskIds</name>
        <uuid>e9838e07-65bd-48c9-9cbb-bbe9764538d8</uuid>
        <description>Returns all Task Metrics in the list of TaskIds</description>
        <folderUuid>_a-0000db61-5af0-8000-4594-010000010000_30740</folderUuid>
        <dataStoreEntityCompositeUuid>bd386112-f8f2-4f0a-8a51-d24519e1269d@_a-0000db61-5af0-8000-4594-010000010000_30732</dataStoreEntityCompositeUuid>
        <params>
            <param>
                <description></description>
                <name>taskIds</name>
                <type>{http://www.appian.com/ae/types/2009}Text?list</type>
            </param>
        </params>
        <filters>
            <filter>
                <field>
                    <name>taskId</name>
                    <type>{http://www.w3.org/2001/XMLSchema}string</type>
                </field>
                <op>in</op>
                <value>taskIds</value>
                <valueType>PARAMETER</valueType>
            </filter>
        </filters>
        <orderings>
            <ordering>
                <ascending>true</ascending>
                <field>
                    <name>id</name>
                    <type>{http://www.w3.org/2001/XMLSchema}int</type>
                </field>
            </ordering>
        </orderings>
    </queryRule>
    <roleMap public="false">
        <role allowForAll="false" inherit="true" name="readers">
            <users/>
            <groups/>
        </role>
        <role allowForAll="false" inherit="true" name="authors">
            <users/>
            <groups/>
        </role>
        <role allowForAll="false" inherit="true" name="administrators">
            <users/>
            <groups/>
        </role>
        <role allowForAll="false" inherit="false" name="denyReaders">
            <users/>
            <groups/>
        </role>
        <role allowForAll="false" inherit="false" name="denyAuthors">
            <users/>
            <groups/>
        </role>
        <role allowForAll="false" inherit="false" name="denyAdministrators">
            <users/>
            <groups/>
        </role>
    </roleMap>
</contentHaul>
