<?xml version="1.0" encoding="UTF-8" standalone="yes"?>
<tempoReportHaul xmlns:a="http://www.appian.com/ae/types/2009">
    <tempoReport name="Task Metrics Report" a:uuid="4160b67a-2d15-4d5b-96f1-d04c657cd8b1">
        <a:description>Shows historical metrics about all tasks in the environment.</a:description>
        <a:uiExpr>=#&quot;a6abe94b-f354-424a-902c-e4db757bb4dc&quot;()</a:uiExpr>
        <a:urlStub>j--p8Q</a:urlStub>
    </tempoReport>
    <roleMap>
        <role name="report_viewer">
            <users/>
            <groups>
                <groupUuid>_e-0000db61-5ae6-8000-4593-010000010000_246</groupUuid>
            </groups>
        </role>
        <role name="report_administrator">
            <users/>
            <groups>
                <groupUuid>_e-0000db61-5ae6-8000-4593-010000010000_243</groupUuid>
            </groups>
        </role>
    </roleMap>
</tempoReportHaul>
