<?xml version="1.0" encoding="UTF-8" standalone="yes"?>
<contentHaul xmlns:a="http://www.appian.com/ae/types/2009">
    <rule>
        <name>NAV_TM_basicTaskMetricToggleGrid</name>
        <uuid>1aa5e0ea-3a9e-4b61-a6f5-929280622522</uuid>
        <description>Displays basic task metric information and has ability to toggle back to a chart.</description>
        <parentUuid>_a-0000db61-5af0-8000-4594-010000010000_30739</parentUuid>
        <visibility>
            <advertise>false</advertise>
            <hierarchy>true</hierarchy>
            <indexable>true</indexable>
            <quota>false</quota>
            <searchable>true</searchable>
            <system>false</system>
            <unlogged>false</unlogged>
        </visibility>
        <definition>load(&#xD;
  { &#xD;
    if(&#xD;
      or(&#xD;
        #&quot;_a-0000d62a-67b3-8000-da6f-010000010000_950&quot;(&#xD;
          ri!taskMetricDatasubset&#xD;
        ),&#xD;
          ri!taskMetricDatasubset.totalCount &lt; 1,&#xD;
        #&quot;_a-0000d62a-67b3-8000-da6f-010000010000_951&quot;(&#xD;
          ri!taskMetricDatasubset.data&#xD;
        )&#xD;
      ),&#xD;
      {&#xD;
        #&quot;SYSTEM_SYSRULES_paragraphField&quot;(&#xD;
          value: #&quot;_a-0000db61-5af0-8000-4594-010000010000_30935&quot;,&#xD;
          readOnly: true&#xD;
        )&#xD;
      },&#xD;
     {&#xD;
        #&quot;SYSTEM_SYSRULES_gridField&quot;(&#xD;
          label: ri!chartLabel,&#xD;
          labelPosition: &quot;ABOVE&quot;,&#xD;
          instructions: ri!chartInstructions,  &#xD;
          totalCount: ri!taskMetricDatasubset.totalCount,&#xD;
          columns: {&#xD;
            #&quot;SYSTEM_SYSRULES_gridTextColumn&quot;(&#xD;
              label: &quot;Task Name&quot;,&#xD;
              field: &quot;taskDisplayName&quot;,&#xD;
              data: index(&#xD;
                ri!taskMetricDatasubset.data,&#xD;
                &quot;taskDisplayName&quot;,&#xD;
                {}&#xD;
              )&#xD;
            ),&#xD;
            #&quot;SYSTEM_SYSRULES_gridTextColumn&quot;(&#xD;
              label: &quot;Assignee/Owner&quot;,&#xD;
              field: &quot;taskOwner&quot;,&#xD;
              data: apply(#&quot;0c91cb01-7278-4a58-a965-ccfaf368ae4f&quot;,&#xD;
                index(&#xD;
                  ri!taskMetricDatasubset.data,&#xD;
                  &quot;taskOwner&quot;,&#xD;
                  {}&#xD;
                )&#xD;
              )&#xD;
            ),&#xD;
            #&quot;SYSTEM_SYSRULES_gridTextColumn&quot;(&#xD;
              label: &quot;Start Time&quot;,&#xD;
              field: &quot;taskStartTime&quot;,&#xD;
              data: index(&#xD;
                ri!taskMetricDatasubset.data,&#xD;
                &quot;taskStartTime&quot;,&#xD;
                {}&#xD;
              )&#xD;
            ),&#xD;
            #&quot;SYSTEM_SYSRULES_gridTextColumn&quot;(&#xD;
              label: &quot;Completion Time&quot;,&#xD;
              field: &quot;taskCompletionTime&quot;,&#xD;
              data: index(&#xD;
                ri!taskMetricDatasubset.data,&#xD;
                &quot;taskCompletionTime&quot;,&#xD;
                {}&#xD;
              )&#xD;
            )&#xD;
          },&#xD;
          identifiers: ri!taskMetricDatasubset.identifiers,&#xD;
          value: ri!pagingInfo,&#xD;
          saveInto:ri!pagingInfo,&#xD;
          selection: false()&#xD;
        )&#xD;
      }&#xD;
    ),&#xD;
    #&quot;SYSTEM_SYSRULES_linkField&quot;(&#xD;
      links: {&#xD;
        #&quot;SYSTEM_SYSRULES_dynamicLink&quot;(&#xD;
          label: &quot;&lt;&lt; Back&quot;,&#xD;
          value: false,&#xD;
          saveInto: ri!showGrid&#xD;
        )&#xD;
      }&#xD;
    )&#xD;
  }&#xD;
)</definition>
        <namedTypedValue>
            <name>taskMetricDatasubset</name>
            <type>
                <name>Variant</name>
                <namespace>http://www.appian.com/ae/types/2009</namespace>
            </type>
        </namedTypedValue>
        <namedTypedValue>
            <name>pagingInfo</name>
            <type>
                <name>Variant</name>
                <namespace>http://www.appian.com/ae/types/2009</namespace>
            </type>
        </namedTypedValue>
        <namedTypedValue>
            <name>showGrid</name>
            <type>
                <name>boolean</name>
                <namespace>http://www.w3.org/2001/XMLSchema</namespace>
            </type>
        </namedTypedValue>
        <namedTypedValue>
            <name>chartLabel</name>
            <type>
                <name>string</name>
                <namespace>http://www.w3.org/2001/XMLSchema</namespace>
            </type>
            <value/>
        </namedTypedValue>
        <namedTypedValue>
            <name>chartInstructions</name>
            <type>
                <name>string</name>
                <namespace>http://www.w3.org/2001/XMLSchema</namespace>
            </type>
            <value/>
        </namedTypedValue>
        <preferredEditor>interface</preferredEditor>
        <offlineEnabled>false</offlineEnabled>
    </rule>
    <roleMap public="true">
        <role allowForAll="false" inherit="true" name="readers">
            <users/>
            <groups/>
        </role>
        <role allowForAll="false" inherit="true" name="authors">
            <users/>
            <groups/>
        </role>
        <role allowForAll="false" inherit="true" name="administrators">
            <users/>
            <groups/>
        </role>
        <role allowForAll="false" inherit="false" name="denyReaders">
            <users/>
            <groups/>
        </role>
        <role allowForAll="false" inherit="false" name="denyAuthors">
            <users/>
            <groups/>
        </role>
        <role allowForAll="false" inherit="false" name="denyAdministrators">
            <users/>
            <groups/>
        </role>
    </roleMap>
</contentHaul>
