<?xml version="1.0" encoding="UTF-8" standalone="yes"?>
<contentHaul xmlns:a="http://www.appian.com/ae/types/2009">
    <rule>
        <name>NAV_TM_displaySingleUserOrGroup</name>
        <uuid>_a-0000db61-5af0-8000-4594-010000010000_30868</uuid>
        <description>Given one user or group, this rule will return the display text.</description>
        <parentUuid>_a-0000db6c-eae6-8000-927a-010000010000_48231</parentUuid>
        <visibility>
            <advertise>false</advertise>
            <hierarchy>true</hierarchy>
            <indexable>true</indexable>
            <quota>false</quota>
            <searchable>true</searchable>
            <system>false</system>
            <unlogged>false</unlogged>
        </visibility>
        <definition>= if(
  or(
    /*runtimetypeof(*/
    /*  ri!userOrGroup*/
    /*) = tointeger(*/
    /*  'type!{http://www.appian.com/ae/types/2009}Group'*/
    /*),*/
    find(
      &quot;[Group:&quot;,
      tostring(
        ri!userOrGroup
      )
    ) &lt;&gt; 0
  ),
  group(
    togroup(
      ri!userOrGroup
    ),
    &quot;groupName&quot;
  ),
  #&quot;_a-0000d690-12fb-8000-0f1a-010000010000_1352&quot;(
    touser(
      ri!userOrGroup
    )
  )
)</definition>
        <namedTypedValue>
            <name>userOrGroup</name>
            <type>
                <name>Variant</name>
                <namespace>http://www.appian.com/ae/types/2009</namespace>
            </type>
        </namedTypedValue>
        <preferredEditor>legacy</preferredEditor>
        <offlineEnabled>false</offlineEnabled>
    </rule>
    <roleMap public="true">
        <role allowForAll="false" inherit="true" name="readers">
            <users/>
            <groups/>
        </role>
        <role allowForAll="false" inherit="true" name="authors">
            <users/>
            <groups/>
        </role>
        <role allowForAll="false" inherit="true" name="administrators">
            <users/>
            <groups/>
        </role>
        <role allowForAll="false" inherit="false" name="denyReaders">
            <users/>
            <groups/>
        </role>
        <role allowForAll="false" inherit="false" name="denyAuthors">
            <users/>
            <groups/>
        </role>
        <role allowForAll="false" inherit="false" name="denyAdministrators">
            <users/>
            <groups/>
        </role>
    </roleMap>
</contentHaul>
