<?xml version="1.0" encoding="UTF-8" standalone="yes"?>
<contentHaul xmlns:a="http://www.appian.com/ae/types/2009">
    <rule>
        <name>NAV_TM_trimTextLengthForColumnSize</name>
        <uuid>f2a99b6a-1476-4af1-9729-056571b77a91</uuid>
        <description>Given the inputText, this rule returns up to a certain amount of characters of the input so that the text will fit in a database column.</description>
        <parentUuid>_a-0000db6c-eae6-8000-927a-010000010000_48230</parentUuid>
        <visibility>
            <advertise>false</advertise>
            <hierarchy>true</hierarchy>
            <indexable>true</indexable>
            <quota>false</quota>
            <searchable>true</searchable>
            <system>false</system>
            <unlogged>false</unlogged>
        </visibility>
        <definition>if(
  len(
    ri!inputText
  ) &lt;= #&quot;_a-0000db72-8af2-8000-4594-010000010000_32111&quot;,
  ri!inputText,
  left(
    ri!inputText,
    #&quot;_a-0000db72-8af2-8000-4594-010000010000_32111&quot;
  )
)</definition>
        <namedTypedValue>
            <name>inputText</name>
            <type>
                <name>string</name>
                <namespace>http://www.w3.org/2001/XMLSchema</namespace>
            </type>
            <value/>
        </namedTypedValue>
        <preferredEditor>legacy</preferredEditor>
        <offlineEnabled>false</offlineEnabled>
    </rule>
    <roleMap public="true">
        <role allowForAll="false" inherit="true" name="readers">
            <users/>
            <groups/>
        </role>
        <role allowForAll="false" inherit="true" name="authors">
            <users/>
            <groups/>
        </role>
        <role allowForAll="false" inherit="true" name="administrators">
            <users/>
            <groups/>
        </role>
        <role allowForAll="false" inherit="false" name="denyReaders">
            <users/>
            <groups/>
        </role>
        <role allowForAll="false" inherit="false" name="denyAuthors">
            <users/>
            <groups/>
        </role>
        <role allowForAll="false" inherit="false" name="denyAdministrators">
            <users/>
            <groups/>
        </role>
    </roleMap>
</contentHaul>
