<?xml version="1.0" encoding="UTF-8" standalone="yes"?>
<contentHaul xmlns:a="http://www.appian.com/ae/types/2009">
    <rule>
        <name>NAV_TM_displayMultipleUsersOrGroups</name>
        <uuid>0c91cb01-7278-4a58-a965-ccfaf368ae4f</uuid>
        <description>Given multiple users or groups, this rule will return the display text separated by a comma.</description>
        <parentUuid>_a-0000db6c-eae6-8000-927a-010000010000_48231</parentUuid>
        <visibility>
            <advertise>false</advertise>
            <hierarchy>true</hierarchy>
            <indexable>true</indexable>
            <quota>false</quota>
            <searchable>true</searchable>
            <system>false</system>
            <unlogged>false</unlogged>
        </visibility>
        <definition>if(find(&quot;; &quot;,ri!usersOrGroups_txt)=0,&#xD;
  #&quot;_a-0000db61-5af0-8000-4594-010000010000_30868&quot;(ri!usersOrGroups_txt),&#xD;
  joinarray(&#xD;
    apply(&#xD;
      #&quot;_a-0000db61-5af0-8000-4594-010000010000_30868&quot;,&#xD;
      split(ri!usersOrGroups_txt,&quot;; &quot;)&#xD;
    ),&#xD;
    &quot;, &quot;&#xD;
  )&#xD;
)</definition>
        <namedTypedValue>
            <name>usersOrGroups_txt</name>
            <type>
                <name>string</name>
                <namespace>http://www.w3.org/2001/XMLSchema</namespace>
            </type>
            <value/>
        </namedTypedValue>
        <preferredEditor>interface</preferredEditor>
        <offlineEnabled>false</offlineEnabled>
    </rule>
    <roleMap public="true">
        <role allowForAll="false" inherit="true" name="readers">
            <users/>
            <groups/>
        </role>
        <role allowForAll="false" inherit="true" name="authors">
            <users/>
            <groups/>
        </role>
        <role allowForAll="false" inherit="true" name="administrators">
            <users/>
            <groups/>
        </role>
        <role allowForAll="false" inherit="false" name="denyReaders">
            <users/>
            <groups/>
        </role>
        <role allowForAll="false" inherit="false" name="denyAuthors">
            <users/>
            <groups/>
        </role>
        <role allowForAll="false" inherit="false" name="denyAdministrators">
            <users/>
            <groups/>
        </role>
    </roleMap>
</contentHaul>
