<?xml version="1.0" encoding="UTF-8" standalone="yes"?>
<contentHaul xmlns:a="http://www.appian.com/ae/types/2009">
    <report>
        <name>NAV_TM All Tasks for All Users</name>
        <uuid>_a-0000db6c-eae6-8000-927a-010000010000_48225</uuid>
        <description>Used to get all tasks assigned to users.&#xD;
&#xD;
From: All Tasks</description>
        <parentUuid>_a-0000db61-5af0-8000-4594-010000010000_30711</parentUuid>
        <visibility>
            <advertise>false</advertise>
            <hierarchy>true</hierarchy>
            <indexable>true</indexable>
            <quota>false</quota>
            <searchable>false</searchable>
            <system>false</system>
            <unlogged>false</unlogged>
        </visibility>
        <reportData>
            <metadata>
                <baseFilters>
                    <completedFilter>
                        <apply>false</apply>
                    </completedFilter>
                    <outsideNStandardDeviationsFilter>
                        <apply>false</apply>
                        <standardDeviationCount>0.0</standardDeviationCount>
                    </outsideNStandardDeviationsFilter>
                    <lastNCompletedFilter>
                        <apply>false</apply>
                        <completedCount>0</completedCount>
                    </lastNCompletedFilter>
                    <aheadOfScheduleFilter>
                        <apply>false</apply>
                    </aheadOfScheduleFilter>
                    <runningFilter>
                        <apply>false</apply>
                    </runningFilter>
                    <behindScheduleFilter>
                        <apply>false</apply>
                    </behindScheduleFilter>
                    <lastNDaysFilter>
                        <apply>false</apply>
                        <dayCount>0.0</dayCount>
                    </lastNDaysFilter>
                    <dueTodayFilter>
                        <apply>false</apply>
                    </dueTodayFilter>
                </baseFilters>
                <batchSize>25</batchSize>
                <columns>
                    <column>
                        <drillPath>
                            <enabled>false</enabled>
                        </drillPath>
                        <expression>=tp!uuid</expression>
                        <formatToken>string</formatToken>
                        <group>false</group>
                        <lastFormatToken>string</lastFormatToken>
                        <localId>8</localId>
                        <name>taskUuid</name>
                        <show>true</show>
                    </column>
                    <column>
                        <drillPath>
                            <enabled>false</enabled>
                        </drillPath>
                        <expression>tp!id</expression>
                        <formatToken>string</formatToken>
                        <group>false</group>
                        <lastFormatToken>string</lastFormatToken>
                        <localId>9</localId>
                        <name>taskId</name>
                        <show>true</show>
                    </column>
                    <column>
                        <drillPath>
                            <enabled>false</enabled>
                        </drillPath>
                        <expression>tp!display</expression>
                        <formatToken>string</formatToken>
                        <group>false</group>
                        <lastFormatToken>string</lastFormatToken>
                        <localId>10</localId>
                        <name>taskDisplayName</name>
                        <show>true</show>
                    </column>
                    <column>
                        <drillPath>
                            <enabled>false</enabled>
                        </drillPath>
                        <expression>tp!name</expression>
                        <formatToken>string</formatToken>
                        <group>false</group>
                        <lastFormatToken>string</lastFormatToken>
                        <localId>11</localId>
                        <name>taskName</name>
                        <show>true</show>
                    </column>
                    <column>
                        <drillPath>
                            <enabled>false</enabled>
                        </drillPath>
                        <expression>=tostring(tp!owner)</expression>
                        <formatToken>string</formatToken>
                        <group>false</group>
                        <lastFormatToken>string</lastFormatToken>
                        <localId>12</localId>
                        <name>taskOwner</name>
                        <show>true</show>
                    </column>
                    <column>
                        <drillPath>
                            <enabled>false</enabled>
                        </drillPath>
                        <expression>=tostring(tp!assignees)</expression>
                        <formatToken>string</formatToken>
                        <group>false</group>
                        <lastFormatToken>string</lastFormatToken>
                        <localId>7</localId>
                        <name>taskAssignees</name>
                        <show>true</show>
                    </column>
                    <column>
                        <drillPath>
                            <enabled>false</enabled>
                        </drillPath>
                        <expression>=task_status()</expression>
                        <formatToken>string</formatToken>
                        <group>false</group>
                        <lastFormatToken>string</lastFormatToken>
                        <localId>13</localId>
                        <name>taskStatus</name>
                        <show>true</show>
                    </column>
                    <column>
                        <drillPath>
                            <enabled>false</enabled>
                        </drillPath>
                        <expression>=#&quot;_a-0000db61-5af0-8000-4594-010000010000_30745&quot;(task_status())</expression>
                        <formatToken>string</formatToken>
                        <group>false</group>
                        <lastFormatToken>string</lastFormatToken>
                        <localId>14</localId>
                        <name>taskStatusName</name>
                        <show>true</show>
                    </column>
                    <column>
                        <drillPath>
                            <enabled>false</enabled>
                        </drillPath>
                        <expression>=tp!starttime</expression>
                        <formatToken>datetime</formatToken>
                        <group>false</group>
                        <lastFormatToken>datetime</lastFormatToken>
                        <localId>15</localId>
                        <name>taskStartTime</name>
                        <show>true</show>
                    </column>
                    <column>
                        <drillPath>
                            <enabled>false</enabled>
                        </drillPath>
                        <expression>=task_assignment_time()</expression>
                        <formatToken>datetime</formatToken>
                        <group>false</group>
                        <lastFormatToken>datetime</lastFormatToken>
                        <localId>16</localId>
                        <name>taskAssignmentTime</name>
                        <show>true</show>
                    </column>
                    <column>
                        <drillPath>
                            <enabled>false</enabled>
                        </drillPath>
                        <expression>=task_completion_time()</expression>
                        <formatToken>datetime</formatToken>
                        <group>false</group>
                        <lastFormatToken>datetime</lastFormatToken>
                        <localId>17</localId>
                        <name>taskCompletionTime</name>
                        <show>true</show>
                    </column>
                    <column>
                        <drillPath>
                            <enabled>false</enabled>
                        </drillPath>
                        <expression>=tp!description</expression>
                        <formatToken>string</formatToken>
                        <group>false</group>
                        <lastFormatToken>string</lastFormatToken>
                        <localId>18</localId>
                        <name>taskDescription</name>
                        <show>true</show>
                    </column>
                    <column>
                        <drillPath>
                            <enabled>false</enabled>
                        </drillPath>
                        <expression>=tp!priority</expression>
                        <formatToken>string</formatToken>
                        <group>false</group>
                        <lastFormatToken>string</lastFormatToken>
                        <localId>19</localId>
                        <name>taskPriority</name>
                        <show>true</show>
                    </column>
                    <column>
                        <drillPath>
                            <enabled>false</enabled>
                        </drillPath>
                        <expression>#&quot;_a-0000db61-5af0-8000-4594-010000010000_30749&quot;(tp!priority)</expression>
                        <formatToken>string</formatToken>
                        <group>false</group>
                        <lastFormatToken>string</lastFormatToken>
                        <localId>20</localId>
                        <name>taskPriorityName</name>
                        <show>true</show>
                    </column>
                    <column>
                        <drillPath>
                            <enabled>false</enabled>
                        </drillPath>
                        <expression>=tp!deadline</expression>
                        <formatToken>datetime</formatToken>
                        <group>false</group>
                        <lastFormatToken>datetime</lastFormatToken>
                        <localId>21</localId>
                        <name>taskDeadline</name>
                        <show>true</show>
                    </column>
                    <column>
                        <drillPath>
                            <enabled>false</enabled>
                        </drillPath>
                        <expression>=pp!name</expression>
                        <formatToken>string</formatToken>
                        <group>false</group>
                        <lastFormatToken>string</lastFormatToken>
                        <localId>22</localId>
                        <name>processDisplayName</name>
                        <show>true</show>
                    </column>
                    <column>
                        <drillPath>
                            <enabled>false</enabled>
                        </drillPath>
                        <expression>pp!id</expression>
                        <formatToken>string</formatToken>
                        <group>false</group>
                        <lastFormatToken>string</lastFormatToken>
                        <localId>23</localId>
                        <name>processId</name>
                        <show>true</show>
                    </column>
                    <column>
                        <drillPath>
                            <enabled>false</enabled>
                        </drillPath>
                        <expression>=pm!uuid</expression>
                        <formatToken>string</formatToken>
                        <group>false</group>
                        <lastFormatToken>string</lastFormatToken>
                        <localId>24</localId>
                        <name>processModelUuid</name>
                        <show>true</show>
                    </column>
                    <column>
                        <drillPath>
                            <enabled>false</enabled>
                        </drillPath>
                        <expression>pm!id</expression>
                        <formatToken>string</formatToken>
                        <group>false</group>
                        <lastFormatToken>string</lastFormatToken>
                        <localId>25</localId>
                        <name>processModelId</name>
                        <show>true</show>
                    </column>
                    <column>
                        <drillPath>
                            <enabled>false</enabled>
                        </drillPath>
                        <expression>=pm!name</expression>
                        <formatToken>string</formatToken>
                        <group>false</group>
                        <lastFormatToken>string</lastFormatToken>
                        <localId>26</localId>
                        <name>processModelName</name>
                        <show>true</show>
                    </column>
                    <column>
                        <drillPath>
                            <enabled>false</enabled>
                        </drillPath>
                        <expression>Completion()</expression>
                        <formatToken>string</formatToken>
                        <group>false</group>
                        <lastFormatToken>string</lastFormatToken>
                        <localId>27</localId>
                        <name>completionDuration</name>
                        <show>true</show>
                    </column>
                    <column>
                        <drillPath>
                            <enabled>false</enabled>
                        </drillPath>
                        <expression>=Lag()</expression>
                        <formatToken>string</formatToken>
                        <group>false</group>
                        <lastFormatToken>string</lastFormatToken>
                        <localId>28</localId>
                        <name>lagDuration</name>
                        <show>true</show>
                    </column>
                    <column>
                        <drillPath>
                            <enabled>false</enabled>
                        </drillPath>
                        <expression>Work()</expression>
                        <formatToken>string</formatToken>
                        <group>false</group>
                        <lastFormatToken>string</lastFormatToken>
                        <localId>29</localId>
                        <name>workDuration</name>
                        <show>true</show>
                    </column>
                    <column>
                        <drillPath>
                            <enabled>false</enabled>
                        </drillPath>
                        <expression>NetCompletion()</expression>
                        <formatToken>string</formatToken>
                        <group>false</group>
                        <lastFormatToken>string</lastFormatToken>
                        <localId>30</localId>
                        <name>netCompletionDuration</name>
                        <show>true</show>
                    </column>
                    <column>
                        <drillPath>
                            <enabled>false</enabled>
                        </drillPath>
                        <expression>=NetLag()</expression>
                        <formatToken>string</formatToken>
                        <group>false</group>
                        <lastFormatToken>string</lastFormatToken>
                        <localId>31</localId>
                        <name>netLagDuration</name>
                        <show>true</show>
                    </column>
                    <column>
                        <drillPath>
                            <enabled>false</enabled>
                        </drillPath>
                        <expression>NetWork()</expression>
                        <formatToken>string</formatToken>
                        <group>false</group>
                        <lastFormatToken>string</lastFormatToken>
                        <localId>32</localId>
                        <name>netWorkDuration</name>
                        <show>true</show>
                    </column>
                </columns>
                <contexts/>
                <contextType>10</contextType>
                <quickFilters>
                    <quickFilter>
                        <defaultItem>0</defaultItem>
                        <quickFilterItems>
                            <quickFilterItem>
<filters>
    <outsideNStandardDeviationsFilter>
        <apply>false</apply>
        <standardDeviationCount>0.0</standardDeviationCount>
    </outsideNStandardDeviationsFilter>
    <lastNCompletedFilter>
        <apply>false</apply>
        <completedCount>0</completedCount>
    </lastNCompletedFilter>
    <aheadOfScheduleFilter>
        <apply>false</apply>
    </aheadOfScheduleFilter>
    <behindScheduleFilter>
        <apply>false</apply>
    </behindScheduleFilter>
    <lastNDaysFilter>
        <apply>false</apply>
        <dayCount>0.0</dayCount>
    </lastNDaysFilter>
    <dueTodayFilter>
        <apply>false</apply>
    </dueTodayFilter>
</filters>
<name>Any Time</name>
                            </quickFilterItem>
                            <quickFilterItem>
<filters>
    <outsideNStandardDeviationsFilter>
        <apply>false</apply>
        <standardDeviationCount>0.0</standardDeviationCount>
    </outsideNStandardDeviationsFilter>
    <lastNCompletedFilter>
        <apply>false</apply>
        <completedCount>0</completedCount>
    </lastNCompletedFilter>
    <aheadOfScheduleFilter>
        <apply>false</apply>
    </aheadOfScheduleFilter>
    <behindScheduleFilter>
        <apply>false</apply>
    </behindScheduleFilter>
    <lastNDaysFilter>
        <apply>true</apply>
        <dayCount>1.0</dayCount>
    </lastNDaysFilter>
    <dueTodayFilter>
        <apply>false</apply>
    </dueTodayFilter>
</filters>
<name>Last 24 Hours</name>
                            </quickFilterItem>
                            <quickFilterItem>
<filters>
    <outsideNStandardDeviationsFilter>
        <apply>false</apply>
        <standardDeviationCount>0.0</standardDeviationCount>
    </outsideNStandardDeviationsFilter>
    <lastNCompletedFilter>
        <apply>false</apply>
        <completedCount>0</completedCount>
    </lastNCompletedFilter>
    <aheadOfScheduleFilter>
        <apply>false</apply>
    </aheadOfScheduleFilter>
    <behindScheduleFilter>
        <apply>false</apply>
    </behindScheduleFilter>
    <lastNDaysFilter>
        <apply>true</apply>
        <dayCount>7.0</dayCount>
    </lastNDaysFilter>
    <dueTodayFilter>
        <apply>false</apply>
    </dueTodayFilter>
</filters>
<name>Last 7 days</name>
                            </quickFilterItem>
                            <quickFilterItem>
<filters>
    <outsideNStandardDeviationsFilter>
        <apply>false</apply>
        <standardDeviationCount>0.0</standardDeviationCount>
    </outsideNStandardDeviationsFilter>
    <lastNCompletedFilter>
        <apply>false</apply>
        <completedCount>0</completedCount>
    </lastNCompletedFilter>
    <aheadOfScheduleFilter>
        <apply>false</apply>
    </aheadOfScheduleFilter>
    <behindScheduleFilter>
        <apply>false</apply>
    </behindScheduleFilter>
    <lastNDaysFilter>
        <apply>true</apply>
        <dayCount>30.0</dayCount>
    </lastNDaysFilter>
    <dueTodayFilter>
        <apply>false</apply>
    </dueTodayFilter>
</filters>
<name>Last 30 days</name>
                            </quickFilterItem>
                            <quickFilterItem>
<filters>
    <outsideNStandardDeviationsFilter>
        <apply>false</apply>
        <standardDeviationCount>0.0</standardDeviationCount>
    </outsideNStandardDeviationsFilter>
    <lastNCompletedFilter>
        <apply>false</apply>
        <completedCount>0</completedCount>
    </lastNCompletedFilter>
    <aheadOfScheduleFilter>
        <apply>false</apply>
    </aheadOfScheduleFilter>
    <behindScheduleFilter>
        <apply>false</apply>
    </behindScheduleFilter>
    <lastNDaysFilter>
        <apply>true</apply>
        <dayCount>365.25</dayCount>
    </lastNDaysFilter>
    <dueTodayFilter>
        <apply>false</apply>
    </dueTodayFilter>
</filters>
<name>Last 365 days</name>
                            </quickFilterItem>
                        </quickFilterItems>
                        <name>Started</name>
                        <selectedItem>0</selectedItem>
                    </quickFilter>
                    <quickFilter>
                        <defaultItem>0</defaultItem>
                        <quickFilterItems>
                            <quickFilterItem>
<filters>
    <outsideNStandardDeviationsFilter>
        <apply>false</apply>
        <standardDeviationCount>0.0</standardDeviationCount>
    </outsideNStandardDeviationsFilter>
    <lastNCompletedFilter>
        <apply>false</apply>
        <completedCount>0</completedCount>
    </lastNCompletedFilter>
    <aheadOfScheduleFilter>
        <apply>false</apply>
    </aheadOfScheduleFilter>
    <behindScheduleFilter>
        <apply>false</apply>
    </behindScheduleFilter>
    <lastNDaysFilter>
        <apply>false</apply>
        <dayCount>0.0</dayCount>
    </lastNDaysFilter>
    <dueTodayFilter>
        <apply>false</apply>
    </dueTodayFilter>
</filters>
<name>All</name>
                            </quickFilterItem>
                            <quickFilterItem>
<filters>
    <outsideNStandardDeviationsFilter>
        <apply>false</apply>
        <standardDeviationCount>0.0</standardDeviationCount>
    </outsideNStandardDeviationsFilter>
    <lastNCompletedFilter>
        <apply>false</apply>
        <completedCount>0</completedCount>
    </lastNCompletedFilter>
    <aheadOfScheduleFilter>
        <apply>false</apply>
    </aheadOfScheduleFilter>
    <behindScheduleFilter>
        <apply>false</apply>
    </behindScheduleFilter>
    <lastNDaysFilter>
        <apply>false</apply>
        <dayCount>0.0</dayCount>
    </lastNDaysFilter>
    <dueTodayFilter>
        <apply>false</apply>
    </dueTodayFilter>
</filters>
<name>Assigned</name>
                            </quickFilterItem>
                            <quickFilterItem>
<filters>
    <outsideNStandardDeviationsFilter>
        <apply>false</apply>
        <standardDeviationCount>0.0</standardDeviationCount>
    </outsideNStandardDeviationsFilter>
    <lastNCompletedFilter>
        <apply>false</apply>
        <completedCount>0</completedCount>
    </lastNCompletedFilter>
    <aheadOfScheduleFilter>
        <apply>false</apply>
    </aheadOfScheduleFilter>
    <behindScheduleFilter>
        <apply>false</apply>
    </behindScheduleFilter>
    <lastNDaysFilter>
        <apply>false</apply>
        <dayCount>0.0</dayCount>
    </lastNDaysFilter>
    <dueTodayFilter>
        <apply>false</apply>
    </dueTodayFilter>
</filters>
<name>Accepted</name>
                            </quickFilterItem>
                        </quickFilterItems>
                        <name>Status</name>
                        <selectedItem>0</selectedItem>
                    </quickFilter>
                </quickFilters>
                <recursive>false</recursive>
                <sortColumnLocalId>15</sortColumnLocalId>
                <sortOrder>0</sortOrder>
                <startIndex>0</startIndex>
                <type>2</type>
            </metadata>
            <display>
                <description>Used to get all tasks assigned to users.&#xD;&#xD;From: All Tasks</description>
                <displayThresholds>false</displayThresholds>
                <displayType>0</displayType>
                <name>NAV_TM All Tasks for All Users</name>
                <quickFilterDisplay>1</quickFilterDisplay>
                <showLegend>true</showLegend>
                <showQuickFiltersInToolbar>true</showQuickFiltersInToolbar>
                <supportedTypes>
                    <supportedType>0</supportedType>
                    <supportedType>1</supportedType>
                    <supportedType>2</supportedType>
                    <supportedType>3</supportedType>
                </supportedTypes>
                <thresholdColumnLocalId>6</thresholdColumnLocalId>
                <thresholdColumnName>Performance</thresholdColumnName>
                <thresholds>
                    <threshold>
                        <iconUuid>SYSTEM_DOC_PERFORMANCE_INDICATOR_GREEN</iconUuid>
                        <defaultIconName>indicatorgreen</defaultIconName>
                        <label>Quickly Addressed</label>
                        <upperBound>20.0</upperBound>
                    </threshold>
                    <threshold>
                        <iconUuid>SYSTEM_DOC_PERFORMANCE_INDICATOR_YELLOW</iconUuid>
                        <defaultIconName>indicatoryellow</defaultIconName>
                        <label>Addressed In Time</label>
                        <upperBound>50.0</upperBound>
                    </threshold>
                    <threshold>
                        <iconUuid>SYSTEM_DOC_PERFORMANCE_INDICATOR_RED</iconUuid>
                        <defaultIconName>indicatorred</defaultIconName>
                        <label>Addressed Late</label>
                    </threshold>
                </thresholds>
                <useCustomToolbar>false</useCustomToolbar>
                <useDefaultBarGraphXML>true</useDefaultBarGraphXML>
                <useDefaultLineGraphXML>true</useDefaultLineGraphXML>
                <useDefaultPieGraphXML>true</useDefaultPieGraphXML>
            </display>
            <modified>false</modified>
            <showDisplayOptions>false</showDisplayOptions>
            <showTitle>false</showTitle>
            <showToolbar>false</showToolbar>
            <view>0</view>
            <writeAccess>false</writeAccess>
        </reportData>
    </report>
    <roleMap public="true">
        <role allowForAll="false" inherit="true" name="readers">
            <users/>
            <groups/>
        </role>
        <role allowForAll="false" inherit="true" name="authors">
            <users/>
            <groups/>
        </role>
        <role allowForAll="false" inherit="true" name="administrators">
            <users/>
            <groups/>
        </role>
        <role allowForAll="false" inherit="false" name="denyReaders">
            <users/>
            <groups/>
        </role>
        <role allowForAll="false" inherit="false" name="denyAuthors">
            <users/>
            <groups/>
        </role>
        <role allowForAll="false" inherit="false" name="denyAdministrators">
            <users/>
            <groups/>
        </role>
    </roleMap>
</contentHaul>
