<?xml version="1.0" encoding="UTF-8" standalone="yes"?>
<contentHaul xmlns:a="http://www.appian.com/ae/types/2009">
    <rule>
        <name>NAV_TM_taskMetricsWorkTimeBarChart</name>
        <uuid>_a-0000dc71-e19a-8000-9ba2-011c48011c48_6391</uuid>
        <description>Bar chart showing the work time for selected tasks.</description>
        <parentUuid>_a-0000db61-5af0-8000-4594-010000010000_30739</parentUuid>
        <visibility>
            <advertise>false</advertise>
            <hierarchy>true</hierarchy>
            <indexable>true</indexable>
            <quota>false</quota>
            <searchable>true</searchable>
            <system>false</system>
            <unlogged>false</unlogged>
        </visibility>
        <definition>load(
  local!chartInstructions: &quot;Task Work Time Summary&quot;,
  local!pagingInfo: #&quot;SYSTEM_SYSRULES_pagingInfo&quot;(
    startIndex: 1,
    batchSize: 15,
    sort: #&quot;SYSTEM_SYSRULES_sortInfo&quot;(
      field: &quot;id&quot;,
      ascending: false
    )
  ),
  local!selectedIndex: 0,
  with(
    local!chartLabel: #&quot;0c91cb01-7278-4a58-a965-ccfaf368ae4f&quot;(
      ri!currentAssignee
    ),
    local!datasubset: #&quot;SYSTEM_SYSRULES_queryEntity&quot;(
      entity: #&quot;_a-0000db61-5af0-8000-4594-010000010000_30797&quot;,
      query: #&quot;SYSTEM_SYSRULES_query&quot;(
        aggregation: #&quot;SYSTEM_SYSRULES_queryAggregation&quot;(
          aggregationColumns: {
            #&quot;SYSTEM_SYSRULES_queryAggregationColumn&quot;(
              field: &quot;taskName&quot;,
              isGrouping: true
            ),
            #&quot;SYSTEM_SYSRULES_queryAggregationColumn&quot;(
              field: &quot;workDurationMinutes&quot;,
              aggregationFunction: &quot;AVG&quot;
            ),
            #&quot;SYSTEM_SYSRULES_queryAggregationColumn&quot;(
              field: &quot;id&quot;,
              aggregationFunction: &quot;COUNT&quot;
            )
          }
        ),
        logicalExpression: #&quot;SYSTEM_SYSRULES_queryLogicalExpression&quot;(
          operator: &quot;AND&quot;,
          filters: #&quot;SYSTEM_SYSRULES_queryFilter&quot;(
            field: &quot;taskAssignees&quot;,
            operator: &quot;=&quot;,
            value: ri!currentAssignee
          ),
          logicalExpressions: ri!reportLogicalExpression
        ),
        pagingInfo: local!pagingInfo
      )
    ),
    {
      if(
        or(
          local!datasubset.totalCount &lt; 1,
          #&quot;_a-0000d62a-67b3-8000-da6f-010000010000_951&quot;(
            local!datasubset.data
          )
        ),
        {
          #&quot;SYSTEM_SYSRULES_paragraphField&quot;(
            label: local!chartLabel,
            labelPosition: &quot;ABOVE&quot;,
            value: #&quot;_a-0000db61-5af0-8000-4594-010000010000_30935&quot;,
            readOnly: true
          )
        },
        {
          #&quot;SYSTEM_SYSRULES_barChartField&quot;(
            label: local!chartLabel,
            labelPosition: &quot;ABOVE&quot;,
            instructions: local!chartInstructions,
            categories: {
              apply(
                fn!concat,
                merge(
                  index(
                    local!datasubset.data,
                    &quot;taskName&quot;,
                    null
                  ),
                  repeat(
                    length(
                      local!datasubset.data
                    ),
                    &quot; (&quot;
                  ),
                  index(
                    local!datasubset.data,
                    &quot;id&quot;,
                    null
                  ),
                  repeat(
                    length(
                      local!datasubset.data
                    ),
                    &quot;)&quot;
                  )
                )
              )
            },
            series: {
              #&quot;SYSTEM_SYSRULES_chartSeries&quot;(
                label: &quot;Avg Work Time&quot;,
                data: round(
                  todecimal(
                    local!datasubset.data.workDurationMinutes
                  )
                ),
                color: &quot;GOLD&quot;
              )
            },
            yAxisTitle: &quot;Minutes&quot;,
            showLegend: true,
            showTooltips: true,
            allowDecimalAxisLabels: true
          )
        }
      )
    }
  )
)</definition>
        <namedTypedValue>
            <name>reportLogicalExpression</name>
            <type>
                <name>Variant</name>
                <namespace>http://www.appian.com/ae/types/2009</namespace>
            </type>
        </namedTypedValue>
        <namedTypedValue>
            <name>currentAssignee</name>
            <type>
                <name>string</name>
                <namespace>http://www.w3.org/2001/XMLSchema</namespace>
            </type>
            <value/>
        </namedTypedValue>
        <preferredEditor>interface</preferredEditor>
        <offlineEnabled>false</offlineEnabled>
    </rule>
    <roleMap public="true">
        <role allowForAll="false" inherit="true" name="readers">
            <users/>
            <groups/>
        </role>
        <role allowForAll="false" inherit="true" name="authors">
            <users/>
            <groups/>
        </role>
        <role allowForAll="false" inherit="true" name="administrators">
            <users/>
            <groups/>
        </role>
        <role allowForAll="false" inherit="false" name="denyReaders">
            <users/>
            <groups/>
        </role>
        <role allowForAll="false" inherit="false" name="denyAuthors">
            <users/>
            <groups/>
        </role>
        <role allowForAll="false" inherit="false" name="denyAdministrators">
            <users/>
            <groups/>
        </role>
    </roleMap>
    <typedValue>
        <type>
            <name>RuleTestConfig?list</name>
            <namespace>http://www.appian.com/ae/types/2009</namespace>
        </type>
        <value>
            <el>
                <a:name/>
                <a:ruleInputTestConfigs>
                    <a:value xmlns:xsd="http://www.w3.org/2001/XMLSchema" xmlns:xsi="http://www.w3.org/2001/XMLSchema-instance" xsi:type="xsd:string"/>
                    <a:nameRef>reportLogicalExpression</a:nameRef>
                    <a:id/>
                </a:ruleInputTestConfigs>
                <a:ruleInputTestConfigs>
                    <a:value xmlns:xsd="http://www.w3.org/2001/XMLSchema" xmlns:xsi="http://www.w3.org/2001/XMLSchema-instance" xsi:type="xsd:string"/>
                    <a:nameRef>currentAssignee</a:nameRef>
                    <a:id/>
                </a:ruleInputTestConfigs>
            </el>
        </value>
    </typedValue>
</contentHaul>
