<?xml version="1.0" encoding="UTF-8" standalone="yes"?>
<contentHaul xmlns:a="http://www.appian.com/ae/types/2009">
    <rule>
        <name>NAV_TM_getTaskMetricDataByCompletionInterval</name>
        <uuid>_a-0000db61-5af0-8000-4594-010000010000_30963</uuid>
        <description>Query return some task metric data within a given completion duration interval.</description>
        <parentUuid>_a-0000db6c-eae6-8000-927a-010000010000_48231</parentUuid>
        <visibility>
            <advertise>false</advertise>
            <hierarchy>true</hierarchy>
            <indexable>true</indexable>
            <quota>false</quota>
            <searchable>true</searchable>
            <system>false</system>
            <unlogged>false</unlogged>
        </visibility>
        <definition>#&quot;SYSTEM_SYSRULES_queryEntity&quot;(
  entity: #&quot;_a-0000db61-5af0-8000-4594-010000010000_30797&quot;,
  query: #&quot;SYSTEM_SYSRULES_query&quot;(
    selection: #&quot;SYSTEM_SYSRULES_querySelection&quot;(
      columns: {
        #&quot;SYSTEM_SYSRULES_queryColumn&quot;(
          field: &quot;id&quot;
        ),
        #&quot;SYSTEM_SYSRULES_queryColumn&quot;(
          field: &quot;taskDisplayName&quot;
        ),
        #&quot;SYSTEM_SYSRULES_queryColumn&quot;(
          field: &quot;taskOwner&quot;
        ),
        #&quot;SYSTEM_SYSRULES_queryColumn&quot;(
          field: &quot;taskStartTime&quot;
        ),
        #&quot;SYSTEM_SYSRULES_queryColumn&quot;(
          field: &quot;taskStatus&quot;
        ),
        #&quot;SYSTEM_SYSRULES_queryColumn&quot;(
          field: &quot;taskCompletionTime&quot;
        ),
        #&quot;SYSTEM_SYSRULES_queryColumn&quot;(
          field: &quot;completionDurationMinutes&quot;
        )
      }
    ),
    logicalExpression: #&quot;SYSTEM_SYSRULES_queryLogicalExpression&quot;(
        operator: &quot;AND&quot;,
        logicalExpressions: ri!reportLogicalExpression,
        filters: {
          #&quot;SYSTEM_SYSRULES_queryFilter&quot;(
            field: &quot;completionDurationMinutes&quot;,
            operator: &quot;between&quot;,
            value: {ri!minBound, ri!maxBound}
          )
        }
      ),
    pagingInfo: ri!pagingInfo
  )
)</definition>
        <namedTypedValue>
            <name>minBound</name>
            <type>
                <name>int</name>
                <namespace>http://www.w3.org/2001/XMLSchema</namespace>
            </type>
        </namedTypedValue>
        <namedTypedValue>
            <name>maxBound</name>
            <type>
                <name>int</name>
                <namespace>http://www.w3.org/2001/XMLSchema</namespace>
            </type>
        </namedTypedValue>
        <namedTypedValue>
            <name>pagingInfo</name>
            <type>
                <name>Variant</name>
                <namespace>http://www.appian.com/ae/types/2009</namespace>
            </type>
        </namedTypedValue>
        <namedTypedValue>
            <name>reportLogicalExpression</name>
            <type>
                <name>Variant</name>
                <namespace>http://www.appian.com/ae/types/2009</namespace>
            </type>
        </namedTypedValue>
        <preferredEditor>interface</preferredEditor>
        <offlineEnabled>false</offlineEnabled>
    </rule>
    <roleMap public="true">
        <role allowForAll="false" inherit="true" name="readers">
            <users/>
            <groups/>
        </role>
        <role allowForAll="false" inherit="true" name="authors">
            <users/>
            <groups/>
        </role>
        <role allowForAll="false" inherit="true" name="administrators">
            <users/>
            <groups/>
        </role>
        <role allowForAll="false" inherit="false" name="denyReaders">
            <users/>
            <groups/>
        </role>
        <role allowForAll="false" inherit="false" name="denyAuthors">
            <users/>
            <groups/>
        </role>
        <role allowForAll="false" inherit="false" name="denyAdministrators">
            <users/>
            <groups/>
        </role>
    </roleMap>
</contentHaul>
