<?xml version="1.0" encoding="UTF-8" standalone="yes"?>
<contentHaul xmlns:a="http://www.appian.com/ae/types/2009">
    <queryRule>
        <name>NAV_TM_getTaskMetricsByAll</name>
        <uuid>ab2bb6c9-6737-4bd7-81de-388965042ef3</uuid>
        <description>Returns all Task Metrics</description>
        <folderUuid>_a-0000db61-5af0-8000-4594-010000010000_30740</folderUuid>
        <dataStoreEntityCompositeUuid>bd386112-f8f2-4f0a-8a51-d24519e1269d@_a-0000db61-5af0-8000-4594-010000010000_30732</dataStoreEntityCompositeUuid>
        <params/>
        <filters/>
        <orderings>
            <ordering>
                <ascending>true</ascending>
                <field>
                    <name>id</name>
                    <type>{http://www.w3.org/2001/XMLSchema}int</type>
                </field>
            </ordering>
        </orderings>
    </queryRule>
    <roleMap public="false">
        <role allowForAll="false" inherit="true" name="readers">
            <users/>
            <groups/>
        </role>
        <role allowForAll="false" inherit="true" name="authors">
            <users/>
            <groups/>
        </role>
        <role allowForAll="false" inherit="true" name="administrators">
            <users/>
            <groups/>
        </role>
        <role allowForAll="false" inherit="false" name="denyReaders">
            <users/>
            <groups/>
        </role>
        <role allowForAll="false" inherit="false" name="denyAuthors">
            <users/>
            <groups/>
        </role>
        <role allowForAll="false" inherit="false" name="denyAdministrators">
            <users/>
            <groups/>
        </role>
    </roleMap>
</contentHaul>
