<?xml version="1.0" encoding="UTF-8" standalone="yes"?>
<contentHaul xmlns:a="http://www.appian.com/ae/types/2009">
    <rule>
        <name>NAV_TM_returnFirstWordOfText</name>
        <uuid>c7605255-1161-4820-b138-0aad99f56575</uuid>
        <description>Given some text, this rule returns the first word that is followed by a space &quot; &quot;.</description>
        <parentUuid>_a-0000db6c-eae6-8000-927a-010000010000_48230</parentUuid>
        <visibility>
            <advertise>false</advertise>
            <hierarchy>true</hierarchy>
            <indexable>true</indexable>
            <quota>false</quota>
            <searchable>true</searchable>
            <system>false</system>
            <unlogged>false</unlogged>
        </visibility>
        <definition>if(
  #&quot;_a-0000d62a-67b3-8000-da6f-010000010000_950&quot;(ri!inputText),
  &quot;&quot;,
  index(split(ri!inputText,&quot; &quot;),1,&quot;&quot;)
)</definition>
        <namedTypedValue>
            <name>inputText</name>
            <type>
                <name>string</name>
                <namespace>http://www.w3.org/2001/XMLSchema</namespace>
            </type>
            <value/>
        </namedTypedValue>
        <preferredEditor>legacy</preferredEditor>
        <offlineEnabled>false</offlineEnabled>
    </rule>
    <roleMap public="true">
        <role allowForAll="false" inherit="true" name="readers">
            <users/>
            <groups/>
        </role>
        <role allowForAll="false" inherit="true" name="authors">
            <users/>
            <groups/>
        </role>
        <role allowForAll="false" inherit="true" name="administrators">
            <users>
                <userUuid>cpage</userUuid>
            </users>
            <groups/>
        </role>
        <role allowForAll="false" inherit="false" name="denyReaders">
            <users/>
            <groups/>
        </role>
        <role allowForAll="false" inherit="false" name="denyAuthors">
            <users/>
            <groups/>
        </role>
        <role allowForAll="false" inherit="false" name="denyAdministrators">
            <users/>
            <groups/>
        </role>
    </roleMap>
    <typedValue>
        <type>
            <name>RuleTestConfig?list</name>
            <namespace>http://www.appian.com/ae/types/2009</namespace>
        </type>
        <value>
            <el>
                <a:name>Test Normal Case</a:name>
                <a:ruleInputTestConfigs>
                    <a:value xmlns:xsd="http://www.w3.org/2001/XMLSchema" xmlns:xsi="http://www.w3.org/2001/XMLSchema-instance" xsi:type="xsd:string">Correct Wrong Wrong</a:value>
                    <a:nameRef>inputText</a:nameRef>
                    <a:id>1</a:id>
                </a:ruleInputTestConfigs>
            </el>
            <el>
                <a:name>Test no Spaces</a:name>
                <a:ruleInputTestConfigs>
                    <a:value xmlns:xsd="http://www.w3.org/2001/XMLSchema" xmlns:xsi="http://www.w3.org/2001/XMLSchema-instance" xsi:type="xsd:string">Correct</a:value>
                    <a:nameRef>inputText</a:nameRef>
                    <a:id>1</a:id>
                </a:ruleInputTestConfigs>
            </el>
            <el>
                <a:name>Test All Spaces</a:name>
                <a:ruleInputTestConfigs>
                    <a:value xmlns:xsd="http://www.w3.org/2001/XMLSchema" xmlns:xsi="http://www.w3.org/2001/XMLSchema-instance" xsi:type="xsd:string">     </a:value>
                    <a:nameRef>inputText</a:nameRef>
                    <a:id>1</a:id>
                </a:ruleInputTestConfigs>
            </el>
        </value>
    </typedValue>
</contentHaul>
